측정시각,내부 온도 1 평균,내부 온도 1 최고,내부 온도 1 최저,내부 온도 2 평균,내부 온도 2 최고,내부 온도 2 최저,내부 온도 3 평균,내부 온도 3 최고,내부 온도 3 최저,내부 온도 4 평균,내부 온도 4 최고,내부 온도 4 최저,내부 습도 1 평균,내부 습도 1 최고,내부 습도 1 최저,내부 습도 2 평균,내부 습도 2 최고,내부 습도 2 최저,내부 습도 3 평균,내부 습도 3 최고,내부 습도 3 최저,내부 습도 4 평균,내부 습도 4 최고,내부 습도 4 최저,내부 이슬점 평균,내부 이슬점 최고,내부 이슬점 최저,내부 CO2 평균,내부 CO2 최고,내부 CO2 최저,외부 풍속 평균,외부 풍속 최고,외부 풍속 최저,내부 EC 1 평균,내부 EC 1 최고,내부 EC 1 최저,내부 PH 1 평균,내부 PH 1 최고,내부 PH 1 최저,배지 중량 평균,배지 중량 최고,배지 중량 최저,양액 온도 평균,양액 온도 최고,양액 온도 최저,외부 풍향 수치,외부 풍향,외부 빗물 시간,외부 누적일사 평균,양액 급액 누적,양액 배액 누적
2021-07-12 06:30:00,23.0,23.2,22.9,-,-,-,-,-,-,-,-,-,100.0,100.0,100.0,-,-,-,-,-,-,-,-,-,23.0,23.0,23.0,-,-,-,-,-,-,-,-,-,-,-,-,-,-,-,-,-,-,-,-,-,49.1,-,-
2021-07-12 06:20:00,22.7,22.8,22.6,-,-,-,-,-,-,-,-,-,100.0,100.0,100.0,-,-,-,-,-,-,-,-,-,23.0,23.0,23.0,-,-,-,-,-,-,-,-,-,-,-,-,-,-,-,-,-,-,-,-,-,31.7,-,-
2021-07-12 06:10:00,22.5,22.6,22.4,-,-,-,-,-,-,-,-,-,100.0,100.0,100.0,-,-,-,-,-,-,-,-,-,22.6,23.0,22.0,-,-,-,-,-,-,-,-,-,-,-,-,-,-,-,-,-,-,-,-,-,5.8,-,-
2021-07-12 06:00:00,22.3,22.4,22.2,-,-,-,-,-,-,-,-,-,100.0,100.0,100.0,-,-,-,-,-,-,-,-,-,22.0,22.0,22.0,-,-,-,-,-,-,-,-,-,-,-,-,-,-,-,-,-,-,-,-,-,0.0,-,-
2021-07-12 05:50:00,22.2,22.2,22.1,-,-,-,-,-,-,-,-,-,100.0,100.0,100.0,-,-,-,-,-,-,-,-,-,22.0,22.0,22.0,-,-,-,-,-,-,-,-,-,-,-,-,-,-,-,-,-,-,-,-,-,0.0,-,-
2021-07-12 05:40:00,22.1,22.1,22.0,-,-,-,-,-,-,-,-,-,100.0,100.0,100.0,-,-,-,-,-,-,-,-,-,22.0,22.0,22.0,-,-,-,-,-,-,-,-,-,-,-,-,-,-,-,-,-,-,-,-,-,0.0,-,-
2021-07-12 05:30:00,21.9,22.0,21.9,-,-,-,-,-,-,-,-,-,100.0,100.0,100.0,-,-,-,-,-,-,-,-,-,22.0,22.0,22.0,-,-,-,-,-,-,-,-,-,-,-,-,-,-,-,-,-,-,-,-,-,0.0,-,-
2021-07-12 05:20:00,21.9,21.9,21.9,-,-,-,-,-,-,-,-,-,100.0,100.0,100.0,-,-,-,-,-,-,-,-,-,22.0,22.0,22.0,-,-,-,-,-,-,-,-,-,-,-,-,-,-,-,-,-,-,-,-,-,0.0,-,-
2021-07-12 05:10:00,21.9,21.9,21.9,-,-,-,-,-,-,-,-,-,100.0,100.0,100.0,-,-,-,-,-,-,-,-,-,22.0,22.0,22.0,-,-,-,-,-,-,-,-,-,-,-,-,-,-,-,-,-,-,-,-,-,0.0,-,-
2021-07-12 05:00:00,21.9,21.9,21.9,-,-,-,-,-,-,-,-,-,100.0,100.0,100.0,-,-,-,-,-,-,-,-,-,22.0,22.0,22.0,-,-,-,-,-,-,-,-,-,-,-,-,-,-,-,-,-,-,-,-,-,0.0,-,-
2021-07-12 04:50:00,21.9,21.9,21.9,-,-,-,-,-,-,-,-,-,100.0,100.0,100.0,-,-,-,-,-,-,-,-,-,22.0,22.0,22.0,-,-,-,-,-,-,-,-,-,-,-,-,-,-,-,-,-,-,-,-,-,0.0,-,-
2021-07-12 04:40:00,21.9,21.9,21.9,-,-,-,-,-,-,-,-,-,100.0,100.0,100.0,-,-,-,-,-,-,-,-,-,22.0,22.0,22.0,-,-,-,-,-,-,-,-,-,-,-,-,-,-,-,-,-,-,-,-,-,0.0,-,-
2021-07-12 04:30:00,21.9,21.9,21.9,-,-,-,-,-,-,-,-,-,100.0,100.0,100.0,-,-,-,-,-,-,-,-,-,22.0,22.0,22.0,-,-,-,-,-,-,-,-,-,-,-,-,-,-,-,-,-,-,-,-,-,0.0,-,-
2021-07-12 04:20:00,21.9,21.9,21.9,-,-,-,-,-,-,-,-,-,100.0,100.0,100.0,-,-,-,-,-,-,-,-,-,22.0,22.0,22.0,-,-,-,-,-,-,-,-,-,-,-,-,-,-,-,-,-,-,-,-,-,0.0,-,-
2021-07-12 04:10:00,21.9,22.0,21.9,-,-,-,-,-,-,-,-,-,100.0,100.0,100.0,-,-,-,-,-,-,-,-,-,22.0,22.0,22.0,-,-,-,-,-,-,-,-,-,-,-,-,-,-,-,-,-,-,-,-,-,0.0,-,-
2021-07-12 04:00:00,22.0,22.0,22.0,-,-,-,-,-,-,-,-,-,100.0,100.0,100.0,-,-,-,-,-,-,-,-,-,22.0,22.0,22.0,-,-,-,-,-,-,-,-,-,-,-,-,-,-,-,-,-,-,-,-,-,0.0,-,-
2021-07-12 03:50:00,22.1,22.1,22.0,-,-,-,-,-,-,-,-,-,100.0,100.0,100.0,-,-,-,-,-,-,-,-,-,22.0,22.0,22.0,-,-,-,-,-,-,-,-,-,-,-,-,-,-,-,-,-,-,-,-,-,0.0,-,-
2021-07-12 03:40:00,22.1,22.1,22.1,-,-,-,-,-,-,-,-,-,100.0,100.0,100.0,-,-,-,-,-,-,-,-,-,22.0,22.0,22.0,-,-,-,-,-,-,-,-,-,-,-,-,-,-,-,-,-,-,-,-,-,0.0,-,-
2021-07-12 03:30:00,22.1,22.1,22.1,-,-,-,-,-,-,-,-,-,100.0,100.0,100.0,-,-,-,-,-,-,-,-,-,22.0,22.0,22.0,-,-,-,-,-,-,-,-,-,-,-,-,-,-,-,-,-,-,-,-,-,0.0,-,-
2021-07-12 03:20:00,22.1,22.1,22.1,-,-,-,-,-,-,-,-,-,100.0,100.0,100.0,-,-,-,-,-,-,-,-,-,22.0,22.0,22.0,-,-,-,-,-,-,-,-,-,-,-,-,-,-,-,-,-,-,-,-,-,0.0,-,-
2021-07-12 03:10:00,22.1,22.2,22.1,-,-,-,-,-,-,-,-,-,100.0,100.0,100.0,-,-,-,-,-,-,-,-,-,22.0,22.0,22.0,-,-,-,-,-,-,-,-,-,-,-,-,-,-,-,-,-,-,-,-,-,0.0,-,-
2021-07-12 03:00:00,22.1,22.2,22.1,-,-,-,-,-,-,-,-,-,100.0,100.0,100.0,-,-,-,-,-,-,-,-,-,22.0,22.0,22.0,-,-,-,-,-,-,-,-,-,-,-,-,-,-,-,-,-,-,-,-,-,0.0,-,-
2021-07-12 02:50:00,22.1,22.2,22.1,-,-,-,-,-,-,-,-,-,100.0,100.0,100.0,-,-,-,-,-,-,-,-,-,22.0,22.0,22.0,-,-,-,-,-,-,-,-,-,-,-,-,-,-,-,-,-,-,-,-,-,0.0,-,-
2021-07-12 02:40:00,22.1,22.1,22.1,-,-,-,-,-,-,-,-,-,100.0,100.0,100.0,-,-,-,-,-,-,-,-,-,22.0,22.0,22.0,-,-,-,-,-,-,-,-,-,-,-,-,-,-,-,-,-,-,-,-,-,0.0,-,-
2021-07-12 02:30:00,22.1,22.1,22.1,-,-,-,-,-,-,-,-,-,100.0,100.0,100.0,-,-,-,-,-,-,-,-,-,22.0,22.0,22.0,-,-,-,-,-,-,-,-,-,-,-,-,-,-,-,-,-,-,-,-,-,0.0,-,-
2021-07-12 02:20:00,22.1,22.1,22.0,-,-,-,-,-,-,-,-,-,100.0,100.0,100.0,-,-,-,-,-,-,-,-,-,22.0,22.0,22.0,-,-,-,-,-,-,-,-,-,-,-,-,-,-,-,-,-,-,-,-,-,0.0,-,-
2021-07-12 02:10:00,22.0,22.1,22.0,-,-,-,-,-,-,-,-,-,100.0,100.0,100.0,-,-,-,-,-,-,-,-,-,22.0,22.0,22.0,-,-,-,-,-,-,-,-,-,-,-,-,-,-,-,-,-,-,-,-,-,0.0,-,-
2021-07-12 02:00:00,22.0,22.0,22.0,-,-,-,-,-,-,-,-,-,100.0,100.0,100.0,-,-,-,-,-,-,-,-,-,22.0,22.0,22.0,-,-,-,-,-,-,-,-,-,-,-,-,-,-,-,-,-,-,-,-,-,0.0,-,-
2021-07-12 01:50:00,21.9,22.0,21.9,-,-,-,-,-,-,-,-,-,100.0,100.0,100.0,-,-,-,-,-,-,-,-,-,22.0,22.0,22.0,-,-,-,-,-,-,-,-,-,-,-,-,-,-,-,-,-,-,-,-,-,0.0,-,-
2021-07-12 01:40:00,21.9,21.9,21.9,-,-,-,-,-,-,-,-,-,100.0,100.0,100.0,-,-,-,-,-,-,-,-,-,22.0,22.0,22.0,-,-,-,-,-,-,-,-,-,-,-,-,-,-,-,-,-,-,-,-,-,0.0,-,-
2021-07-12 01:30:00,21.9,21.9,21.9,-,-,-,-,-,-,-,-,-,100.0,100.0,100.0,-,-,-,-,-,-,-,-,-,22.0,22.0,22.0,-,-,-,-,-,-,-,-,-,-,-,-,-,-,-,-,-,-,-,-,-,0.0,-,-
2021-07-12 01:20:00,21.9,21.9,21.9,-,-,-,-,-,-,-,-,-,100.0,100.0,100.0,-,-,-,-,-,-,-,-,-,22.0,22.0,22.0,-,-,-,-,-,-,-,-,-,-,-,-,-,-,-,-,-,-,-,-,-,0.0,-,-
2021-07-12 01:10:00,21.8,21.9,21.8,-,-,-,-,-,-,-,-,-,100.0,100.0,100.0,-,-,-,-,-,-,-,-,-,22.0,22.0,22.0,-,-,-,-,-,-,-,-,-,-,-,-,-,-,-,-,-,-,-,-,-,0.0,-,-
2021-07-12 01:00:00,21.8,21.8,21.8,-,-,-,-,-,-,-,-,-,100.0,100.0,100.0,-,-,-,-,-,-,-,-,-,22.0,22.0,22.0,-,-,-,-,-,-,-,-,-,-,-,-,-,-,-,-,-,-,-,-,-,0.0,-,-
2021-07-12 00:50:00,21.7,21.8,21.7,-,-,-,-,-,-,-,-,-,100.0,100.0,100.0,-,-,-,-,-,-,-,-,-,22.0,22.0,22.0,-,-,-,-,-,-,-,-,-,-,-,-,-,-,-,-,-,-,-,-,-,0.0,-,-
2021-07-12 00:40:00,21.8,21.8,21.8,-,-,-,-,-,-,-,-,-,100.0,100.0,100.0,-,-,-,-,-,-,-,-,-,22.0,22.0,22.0,-,-,-,-,-,-,-,-,-,-,-,-,-,-,-,-,-,-,-,-,-,0.0,-,-
2021-07-12 00:30:00,21.9,21.9,21.8,-,-,-,-,-,-,-,-,-,100.0,100.0,100.0,-,-,-,-,-,-,-,-,-,22.0,22.0,22.0,-,-,-,-,-,-,-,-,-,-,-,-,-,-,-,-,-,-,-,-,-,0.0,-,-
2021-07-12 00:20:00,22.0,22.0,21.9,-,-,-,-,-,-,-,-,-,100.0,100.0,100.0,-,-,-,-,-,-,-,-,-,22.0,22.0,22.0,-,-,-,-,-,-,-,-,-,-,-,-,-,-,-,-,-,-,-,-,-,0.0,-,-
2021-07-12 00:10:00,22.0,22.0,22.0,-,-,-,-,-,-,-,-,-,100.0,100.0,100.0,-,-,-,-,-,-,-,-,-,22.0,22.0,22.0,-,-,-,-,-,-,-,-,-,-,-,-,-,-,-,-,-,-,-,-,-,0.0,-,-
2021-07-12 00:00:00,22.0,22.1,22.0,-,-,-,-,-,-,-,-,-,100.0,100.0,100.0,-,-,-,-,-,-,-,-,-,22.0,22.0,22.0,-,-,-,-,-,-,-,-,-,-,-,-,-,-,-,-,-,-,-,-,-,0.0,-,-
2021-07-11 23:50:00,22.0,22.1,22.0,-,-,-,-,-,-,-,-,-,99.9,100.0,99.8,-,-,-,-,-,-,-,-,-,22.0,22.0,22.0,-,-,-,-,-,-,-,-,-,-,-,-,-,-,-,-,-,-,-,-,-,0.0,-,-
2021-07-11 23:40:00,22.1,22.2,22.1,-,-,-,-,-,-,-,-,-,99.7,99.9,99.5,-,-,-,-,-,-,-,-,-,22.0,22.0,22.0,-,-,-,-,-,-,-,-,-,-,-,-,-,-,-,-,-,-,-,-,-,0.0,-,-
2021-07-11 23:30:00,22.3,22.3,22.2,-,-,-,-,-,-,-,-,-,99.5,99.6,99.5,-,-,-,-,-,-,-,-,-,22.0,22.0,22.0,-,-,-,-,-,-,-,-,-,-,-,-,-,-,-,-,-,-,-,-,-,0.0,-,-
2021-07-11 23:20:00,22.4,22.4,22.3,-,-,-,-,-,-,-,-,-,99.6,99.7,99.5,-,-,-,-,-,-,-,-,-,22.0,22.0,22.0,-,-,-,-,-,-,-,-,-,-,-,-,-,-,-,-,-,-,-,-,-,0.0,-,-
2021-07-11 23:10:00,22.4,22.5,22.4,-,-,-,-,-,-,-,-,-,99.7,99.7,99.6,-,-,-,-,-,-,-,-,-,22.3,23.0,22.0,-,-,-,-,-,-,-,-,-,-,-,-,-,-,-,-,-,-,-,-,-,0.0,-,-
2021-07-11 23:00:00,22.5,22.6,22.5,-,-,-,-,-,-,-,-,-,99.4,99.5,99.2,-,-,-,-,-,-,-,-,-,22.8,23.0,22.8,-,-,-,-,-,-,-,-,-,-,-,-,-,-,-,-,-,-,-,-,-,0.0,-,-
2021-07-11 22:50:00,22.6,22.7,22.6,-,-,-,-,-,-,-,-,-,99.0,99.1,98.8,-,-,-,-,-,-,-,-,-,22.8,22.8,22.8,-,-,-,-,-,-,-,-,-,-,-,-,-,-,-,-,-,-,-,-,-,0.0,-,-
2021-07-11 22:40:00,22.8,22.8,22.7,-,-,-,-,-,-,-,-,-,98.5,98.8,98.3,-,-,-,-,-,-,-,-,-,22.8,22.8,22.7,-,-,-,-,-,-,-,-,-,-,-,-,-,-,-,-,-,-,-,-,-,0.0,-,-
2021-07-11 22:30:00,22.9,22.9,22.8,-,-,-,-,-,-,-,-,-,98.4,98.4,98.3,-,-,-,-,-,-,-,-,-,22.7,22.7,22.7,-,-,-,-,-,-,-,-,-,-,-,-,-,-,-,-,-,-,-,-,-,0.0,-,-
2021-07-11 22:20:00,23.0,23.1,23.0,-,-,-,-,-,-,-,-,-,97.9,98.3,97.5,-,-,-,-,-,-,-,-,-,22.7,22.7,22.7,-,-,-,-,-,-,-,-,-,-,-,-,-,-,-,-,-,-,-,-,-,0.0,-,-
2021-07-11 22:10:00,23.2,23.3,23.1,-,-,-,-,-,-,-,-,-,97.6,97.8,97.5,-,-,-,-,-,-,-,-,-,22.7,22.7,22.7,-,-,-,-,-,-,-,-,-,-,-,-,-,-,-,-,-,-,-,-,-,0.0,-,-
2021-07-11 22:00:00,23.3,23.3,23.3,-,-,-,-,-,-,-,-,-,97.0,97.1,96.9,-,-,-,-,-,-,-,-,-,22.5,22.5,22.5,-,-,-,-,-,-,-,-,-,-,-,-,-,-,-,-,-,-,-,-,-,0.0,-,-
2021-07-11 21:50:00,23.4,23.4,23.3,-,-,-,-,-,-,-,-,-,96.8,97.0,96.7,-,-,-,-,-,-,-,-,-,22.5,22.5,22.5,-,-,-,-,-,-,-,-,-,-,-,-,-,-,-,-,-,-,-,-,-,0.0,-,-
2021-07-11 21:40:00,23.5,23.5,23.4,-,-,-,-,-,-,-,-,-,96.0,96.5,95.3,-,-,-,-,-,-,-,-,-,23.1,23.3,22.3,-,-,-,-,-,-,-,-,-,-,-,-,-,-,-,-,-,-,-,-,-,0.0,-,-
2021-07-11 21:30:00,23.6,23.7,23.5,-,-,-,-,-,-,-,-,-,95.0,95.1,94.9,-,-,-,-,-,-,-,-,-,23.2,23.2,23.2,-,-,-,-,-,-,-,-,-,-,-,-,-,-,-,-,-,-,-,-,-,0.0,-,-
2021-07-11 21:20:00,23.7,23.8,23.7,-,-,-,-,-,-,-,-,-,93.8,94.7,92.1,-,-,-,-,-,-,-,-,-,23.0,23.2,22.6,-,-,-,-,-,-,-,-,-,-,-,-,-,-,-,-,-,-,-,-,-,0.0,-,-
2021-07-11 21:10:00,23.9,24.0,23.8,-,-,-,-,-,-,-,-,-,91.6,92.4,90.9,-,-,-,-,-,-,-,-,-,22.5,22.6,22.4,-,-,-,-,-,-,-,-,-,-,-,-,-,-,-,-,-,-,-,-,-,0.0,-,-
2021-07-11 21:00:00,24.1,24.3,24.0,-,-,-,-,-,-,-,-,-,89.7,90.6,88.6,-,-,-,-,-,-,-,-,-,22.2,22.4,22.1,-,-,-,-,-,-,-,-,-,-,-,-,-,-,-,-,-,-,-,-,-,0.0,-,-
2021-07-11 20:50:00,24.7,25.0,24.4,-,-,-,-,-,-,-,-,-,87.2,88.3,85.7,-,-,-,-,-,-,-,-,-,22.6,22.9,21.9,-,-,-,-,-,-,-,-,-,-,-,-,-,-,-,-,-,-,-,-,-,0.0,-,-
2021-07-11 20:40:00,25.2,25.3,25.1,-,-,-,-,-,-,-,-,-,82.9,85.6,80.7,-,-,-,-,-,-,-,-,-,21.9,22.5,21.5,-,-,-,-,-,-,-,-,-,-,-,-,-,-,-,-,-,-,-,-,-,0.0,-,-
2021-07-11 20:30:00,25.3,25.4,25.3,-,-,-,-,-,-,-,-,-,81.6,83.4,80.2,-,-,-,-,-,-,-,-,-,21.6,21.9,21.3,-,-,-,-,-,-,-,-,-,-,-,-,-,-,-,-,-,-,-,-,-,0.0,-,-
2021-07-11 20:20:00,25.5,25.6,25.4,-,-,-,-,-,-,-,-,-,84.2,85.2,83.3,-,-,-,-,-,-,-,-,-,22.8,23.3,21.9,-,-,-,-,-,-,-,-,-,-,-,-,-,-,-,-,-,-,-,-,-,0.0,-,-
2021-07-11 20:10:00,25.8,25.9,25.7,-,-,-,-,-,-,-,-,-,86.4,87.4,85.3,-,-,-,-,-,-,-,-,-,23.5,23.7,23.3,-,-,-,-,-,-,-,-,-,-,-,-,-,-,-,-,-,-,-,-,-,0.0,-,-
2021-07-11 20:00:00,26.2,26.4,26.0,-,-,-,-,-,-,-,-,-,89.6,90.2,88.0,-,-,-,-,-,-,-,-,-,24.2,24.2,23.9,-,-,-,-,-,-,-,-,-,-,-,-,-,-,-,-,-,-,-,-,-,0.0,-,-
2021-07-11 19:50:00,26.6,26.8,26.4,-,-,-,-,-,-,-,-,-,89.9,90.5,89.4,-,-,-,-,-,-,-,-,-,25.0,25.2,24.2,-,-,-,-,-,-,-,-,-,-,-,-,-,-,-,-,-,-,-,-,-,0.0,-,-
2021-07-11 19:40:00,27.1,27.2,26.9,-,-,-,-,-,-,-,-,-,88.6,89.7,86.7,-,-,-,-,-,-,-,-,-,24.9,25.2,24.6,-,-,-,-,-,-,-,-,-,-,-,-,-,-,-,-,-,-,-,-,-,0.0,-,-
2021-07-11 19:30:00,27.5,27.7,27.3,-,-,-,-,-,-,-,-,-,86.4,88.1,85.5,-,-,-,-,-,-,-,-,-,25.0,25.8,24.5,-,-,-,-,-,-,-,-,-,-,-,-,-,-,-,-,-,-,-,-,-,0.0,-,-
2021-07-11 19:20:00,28.0,28.2,27.7,-,-,-,-,-,-,-,-,-,86.6,88.0,85.5,-,-,-,-,-,-,-,-,-,25.5,25.8,25.4,-,-,-,-,-,-,-,-,-,-,-,-,-,-,-,-,-,-,-,-,-,0.0,-,-
2021-07-11 19:10:00,28.5,28.8,28.3,-,-,-,-,-,-,-,-,-,85.1,85.9,84.5,-,-,-,-,-,-,-,-,-,25.9,26.2,25.2,-,-,-,-,-,-,-,-,-,-,-,-,-,-,-,-,-,-,-,-,-,0.0,-,-
2021-07-11 19:00:00,29.0,29.2,28.8,-,-,-,-,-,-,-,-,-,83.5,84.6,82.5,-,-,-,-,-,-,-,-,-,26.0,26.2,25.8,-,-,-,-,-,-,-,-,-,-,-,-,-,-,-,-,-,-,-,-,-,6.4,-,-
2021-07-11 18:50:00,29.3,29.3,29.2,-,-,-,-,-,-,-,-,-,81.9,83.2,80.5,-,-,-,-,-,-,-,-,-,25.6,25.8,25.4,-,-,-,-,-,-,-,-,-,-,-,-,-,-,-,-,-,-,-,-,-,50.6,-,-
2021-07-11 18:40:00,29.4,29.5,29.3,-,-,-,-,-,-,-,-,-,80.2,80.8,79.6,-,-,-,-,-,-,-,-,-,25.5,26.4,25.2,-,-,-,-,-,-,-,-,-,-,-,-,-,-,-,-,-,-,-,-,-,71.9,-,-
2021-07-11 18:30:00,29.7,29.8,29.5,-,-,-,-,-,-,-,-,-,80.8,81.8,79.0,-,-,-,-,-,-,-,-,-,26.4,26.6,26.0,-,-,-,-,-,-,-,-,-,-,-,-,-,-,-,-,-,-,-,-,-,65.2,-,-
2021-07-11 18:20:00,30.1,30.2,29.9,-,-,-,-,-,-,-,-,-,77.9,79.1,76.4,-,-,-,-,-,-,-,-,-,25.7,26.0,25.3,-,-,-,-,-,-,-,-,-,-,-,-,-,-,-,-,-,-,-,-,-,69.7,-,-
2021-07-11 18:10:00,30.4,30.5,30.3,-,-,-,-,-,-,-,-,-,77.5,78.7,76.0,-,-,-,-,-,-,-,-,-,25.9,26.5,25.5,-,-,-,-,-,-,-,-,-,-,-,-,-,-,-,-,-,-,-,-,-,77.1,-,-
2021-07-11 18:00:00,30.6,30.7,30.5,-,-,-,-,-,-,-,-,-,74.3,76.0,71.0,-,-,-,-,-,-,-,-,-,25.9,26.3,25.1,-,-,-,-,-,-,-,-,-,-,-,-,-,-,-,-,-,-,-,-,-,90.9,-,-
2021-07-11 17:50:00,30.7,30.7,30.6,-,-,-,-,-,-,-,-,-,70.3,71.5,68.7,-,-,-,-,-,-,-,-,-,25.0,25.4,24.6,-,-,-,-,-,-,-,-,-,-,-,-,-,-,-,-,-,-,-,-,-,116.5,-,-
2021-07-11 17:40:00,30.7,30.8,30.6,-,-,-,-,-,-,-,-,-,71.3,72.2,70.4,-,-,-,-,-,-,-,-,-,25.2,25.4,25.1,-,-,-,-,-,-,-,-,-,-,-,-,-,-,-,-,-,-,-,-,-,131.2,-,-
2021-07-11 17:30:00,30.9,31.1,30.8,-,-,-,-,-,-,-,-,-,68.9,71.0,66.3,-,-,-,-,-,-,-,-,-,24.7,25.1,24.2,-,-,-,-,-,-,-,-,-,-,-,-,-,-,-,-,-,-,-,-,-,117.5,-,-
2021-07-11 17:20:00,31.5,31.8,31.2,-,-,-,-,-,-,-,-,-,68.4,70.0,66.7,-,-,-,-,-,-,-,-,-,25.0,25.6,24.2,-,-,-,-,-,-,-,-,-,-,-,-,-,-,-,-,-,-,-,-,-,98.9,-,-
2021-07-11 17:10:00,32.2,32.4,31.9,-,-,-,-,-,-,-,-,-,68.6,70.4,66.7,-,-,-,-,-,-,-,-,-,25.5,26.1,25.1,-,-,-,-,-,-,-,-,-,-,-,-,-,-,-,-,-,-,-,-,-,138.5,-,-
2021-07-11 17:00:00,32.5,32.6,32.5,-,-,-,-,-,-,-,-,-,72.1,74.4,68.8,-,-,-,-,-,-,-,-,-,27.3,27.7,26.8,-,-,-,-,-,-,-,-,-,-,-,-,-,-,-,-,-,-,-,-,-,191.0,-,-
2021-07-11 16:50:00,32.6,32.8,32.5,-,-,-,-,-,-,-,-,-,71.3,74.3,68.6,-,-,-,-,-,-,-,-,-,27.1,27.7,26.5,-,-,-,-,-,-,-,-,-,-,-,-,-,-,-,-,-,-,-,-,-,198.2,-,-
2021-07-11 16:40:00,33.1,33.4,32.8,-,-,-,-,-,-,-,-,-,71.5,73.1,69.9,-,-,-,-,-,-,-,-,-,27.2,27.5,26.8,-,-,-,-,-,-,-,-,-,-,-,-,-,-,-,-,-,-,-,-,-,139.5,-,-
2021-07-11 16:30:00,33.8,34.1,33.5,-,-,-,-,-,-,-,-,-,67.6,70.7,64.0,-,-,-,-,-,-,-,-,-,27.2,28.0,26.2,-,-,-,-,-,-,-,-,-,-,-,-,-,-,-,-,-,-,-,-,-,147.0,-,-
2021-07-11 16:20:00,34.4,34.7,34.2,-,-,-,-,-,-,-,-,-,66.4,69.0,64.5,-,-,-,-,-,-,-,-,-,27.3,27.9,26.5,-,-,-,-,-,-,-,-,-,-,-,-,-,-,-,-,-,-,-,-,-,182.7,-,-
2021-07-11 16:10:00,34.7,34.8,34.6,-,-,-,-,-,-,-,-,-,66.6,68.5,63.6,-,-,-,-,-,-,-,-,-,27.9,28.4,27.2,-,-,-,-,-,-,-,-,-,-,-,-,-,-,-,-,-,-,-,-,-,342.0,-,-
2021-07-11 16:00:00,34.8,35.1,34.6,-,-,-,-,-,-,-,-,-,65.6,70.9,62.6,-,-,-,-,-,-,-,-,-,27.6,28.9,26.9,-,-,-,-,-,-,-,-,-,-,-,-,-,-,-,-,-,-,-,-,-,283.2,-,-
2021-07-11 15:50:00,35.6,35.9,35.2,-,-,-,-,-,-,-,-,-,65.2,69.6,62.6,-,-,-,-,-,-,-,-,-,28.2,29.6,27.2,-,-,-,-,-,-,-,-,-,-,-,-,-,-,-,-,-,-,-,-,-,222.3,-,-
2021-07-11 15:40:00,36.1,36.2,35.9,-,-,-,-,-,-,-,-,-,66.1,68.5,64.9,-,-,-,-,-,-,-,-,-,28.6,29.1,28.4,-,-,-,-,-,-,-,-,-,-,-,-,-,-,-,-,-,-,-,-,-,285.7,-,-
2021-07-11 15:30:00,36.7,37.2,36.3,-,-,-,-,-,-,-,-,-,62.1,67.0,59.8,-,-,-,-,-,-,-,-,-,28.2,28.9,27.6,-,-,-,-,-,-,-,-,-,-,-,-,-,-,-,-,-,-,-,-,-,228.9,-,-
2021-07-11 15:20:00,37.6,38.1,37.2,-,-,-,-,-,-,-,-,-,57.5,60.4,51.3,-,-,-,-,-,-,-,-,-,27.7,28.6,26.1,-,-,-,-,-,-,-,-,-,-,-,-,-,-,-,-,-,-,-,-,-,312.8,-,-
2021-07-11 15:10:00,38.8,39.4,38.3,-,-,-,-,-,-,-,-,-,52.1,55.4,49.0,-,-,-,-,-,-,-,-,-,27.3,28.3,25.8,-,-,-,-,-,-,-,-,-,-,-,-,-,-,-,-,-,-,-,-,-,215.0,-,-
2021-07-11 15:00:00,39.0,39.6,38.5,-,-,-,-,-,-,-,-,-,51.9,54.0,49.4,-,-,-,-,-,-,-,-,-,27.5,28.9,26.3,-,-,-,-,-,-,-,-,-,-,-,-,-,-,-,-,-,-,-,-,-,753.8,-,-
2021-07-11 14:50:00,38.1,38.4,37.9,-,-,-,-,-,-,-,-,-,54.7,59.7,52.7,-,-,-,-,-,-,-,-,-,27.3,28.3,26.7,-,-,-,-,-,-,-,-,-,-,-,-,-,-,-,-,-,-,-,-,-,738.2,-,-
2021-07-11 14:40:00,38.5,38.7,38.1,-,-,-,-,-,-,-,-,-,52.5,55.3,50.1,-,-,-,-,-,-,-,-,-,27.1,28.3,26.4,-,-,-,-,-,-,-,-,-,-,-,-,-,-,-,-,-,-,-,-,-,494.9,-,-
2021-07-11 14:30:00,39.2,39.7,38.7,-,-,-,-,-,-,-,-,-,50.3,52.4,48.3,-,-,-,-,-,-,-,-,-,27.1,28.2,26.3,-,-,-,-,-,-,-,-,-,-,-,-,-,-,-,-,-,-,-,-,-,446.2,-,-
2021-07-11 14:20:00,39.7,39.9,39.6,-,-,-,-,-,-,-,-,-,49.8,52.5,46.1,-,-,-,-,-,-,-,-,-,27.6,28.6,26.5,-,-,-,-,-,-,-,-,-,-,-,-,-,-,-,-,-,-,-,-,-,693.0,-,-
2021-07-11 14:10:00,39.8,40.1,39.7,-,-,-,-,-,-,-,-,-,48.1,50.1,45.5,-,-,-,-,-,-,-,-,-,26.9,27.6,26.2,-,-,-,-,-,-,-,-,-,-,-,-,-,-,-,-,-,-,-,-,-,800.4,-,-
2021-07-11 14:00:00,40.0,40.2,39.9,-,-,-,-,-,-,-,-,-,48.1,49.8,45.3,-,-,-,-,-,-,-,-,-,27.0,27.6,26.2,-,-,-,-,-,-,-,-,-,-,-,-,-,-,-,-,-,-,-,-,-,887.2,-,-
2021-07-11 13:50:00,39.8,39.9,39.7,-,-,-,-,-,-,-,-,-,48.5,50.5,46.1,-,-,-,-,-,-,-,-,-,27.1,27.6,26.2,-,-,-,-,-,-,-,-,-,-,-,-,-,-,-,-,-,-,-,-,-,870.4,-,-
2021-07-11 13:40:00,40.3,40.5,40.0,-,-,-,-,-,-,-,-,-,46.2,49.1,44.5,-,-,-,-,-,-,-,-,-,26.4,28.1,25.8,-,-,-,-,-,-,-,-,-,-,-,-,-,-,-,-,-,-,-,-,-,943.4,-,-
2021-07-11 13:30:00,40.6,40.9,40.2,-,-,-,-,-,-,-,-,-,46.8,50.5,44.7,-,-,-,-,-,-,-,-,-,27.0,27.9,26.2,-,-,-,-,-,-,-,-,-,-,-,-,-,-,-,-,-,-,-,-,-,1009.0,-,-
2021-07-11 13:20:00,40.9,41.0,40.8,-,-,-,-,-,-,-,-,-,47.1,50.1,45.1,-,-,-,-,-,-,-,-,-,27.3,27.8,26.7,-,-,-,-,-,-,-,-,-,-,-,-,-,-,-,-,-,-,-,-,-,1025.1,-,-
2021-07-11 13:10:00,40.9,40.9,40.8,-,-,-,-,-,-,-,-,-,46.8,48.8,44.9,-,-,-,-,-,-,-,-,-,27.3,28.1,26.7,-,-,-,-,-,-,-,-,-,-,-,-,-,-,-,-,-,-,-,-,-,961.6,-,-
2021-07-11 13:00:00,40.8,40.9,40.6,-,-,-,-,-,-,-,-,-,47.1,49.0,46.1,-,-,-,-,-,-,-,-,-,27.6,28.1,27.1,-,-,-,-,-,-,-,-,-,-,-,-,-,-,-,-,-,-,-,-,-,1008.8,-,-
2021-07-11 12:50:00,40.2,40.6,40.0,-,-,-,-,-,-,-,-,-,49.6,52.6,46.0,-,-,-,-,-,-,-,-,-,27.7,28.6,26.2,-,-,-,-,-,-,-,-,-,-,-,-,-,-,-,-,-,-,-,-,-,1030.9,-,-
2021-07-11 12:40:00,40.1,40.5,39.8,-,-,-,-,-,-,-,-,-,48.2,51.6,45.0,-,-,-,-,-,-,-,-,-,27.1,28.2,26.2,-,-,-,-,-,-,-,-,-,-,-,-,-,-,-,-,-,-,-,-,-,880.6,-,-
2021-07-11 12:30:00,40.5,40.6,40.3,-,-,-,-,-,-,-,-,-,49.2,52.5,46.4,-,-,-,-,-,-,-,-,-,27.8,29.2,26.9,-,-,-,-,-,-,-,-,-,-,-,-,-,-,-,-,-,-,-,-,-,936.5,-,-
2021-07-11 12:20:00,40.0,40.3,39.8,-,-,-,-,-,-,-,-,-,49.5,53.5,46.8,-,-,-,-,-,-,-,-,-,27.4,28.9,26.5,-,-,-,-,-,-,-,-,-,-,-,-,-,-,-,-,-,-,-,-,-,849.2,-,-
2021-07-11 12:10:00,40.7,40.7,40.5,-,-,-,-,-,-,-,-,-,47.5,49.3,45.7,-,-,-,-,-,-,-,-,-,27.7,28.1,27.1,-,-,-,-,-,-,-,-,-,-,-,-,-,-,-,-,-,-,-,-,-,776.9,-,-
2021-07-11 12:00:00,40.4,40.7,40.1,-,-,-,-,-,-,-,-,-,48.8,50.3,47.8,-,-,-,-,-,-,-,-,-,27.4,28.5,26.5,-,-,-,-,-,-,-,-,-,-,-,-,-,-,-,-,-,-,-,-,-,1067.7,-,-
2021-07-11 11:50:00,39.8,40.1,39.7,-,-,-,-,-,-,-,-,-,50.3,52.6,48.6,-,-,-,-,-,-,-,-,-,27.7,28.6,27.2,-,-,-,-,-,-,-,-,-,-,-,-,-,-,-,-,-,-,-,-,-,1032.7,-,-
2021-07-11 11:40:00,39.5,39.6,39.4,-,-,-,-,-,-,-,-,-,52.5,56.9,49.7,-,-,-,-,-,-,-,-,-,28.1,28.9,27.0,-,-,-,-,-,-,-,-,-,-,-,-,-,-,-,-,-,-,-,-,-,872.3,-,-
2021-07-11 11:30:00,39.4,39.6,39.1,-,-,-,-,-,-,-,-,-,52.7,55.9,49.7,-,-,-,-,-,-,-,-,-,27.9,29.2,26.7,-,-,-,-,-,-,-,-,-,-,-,-,-,-,-,-,-,-,-,-,-,883.9,-,-
2021-07-11 11:20:00,39.6,39.7,39.4,-,-,-,-,-,-,-,-,-,52.7,58.6,49.0,-,-,-,-,-,-,-,-,-,28.4,29.8,27.2,-,-,-,-,-,-,-,-,-,-,-,-,-,-,-,-,-,-,-,-,-,722.5,-,-
2021-07-11 11:10:00,39.4,39.6,39.3,-,-,-,-,-,-,-,-,-,53.2,56.8,50.0,-,-,-,-,-,-,-,-,-,28.1,29.8,27.0,-,-,-,-,-,-,-,-,-,-,-,-,-,-,-,-,-,-,-,-,-,963.5,-,-
2021-07-11 11:00:00,39.3,39.5,39.1,-,-,-,-,-,-,-,-,-,53.2,56.0,50.3,-,-,-,-,-,-,-,-,-,27.8,29.2,26.7,-,-,-,-,-,-,-,-,-,-,-,-,-,-,-,-,-,-,-,-,-,988.0,-,-
2021-07-11 10:50:00,39.5,39.6,39.2,-,-,-,-,-,-,-,-,-,51.3,54.5,49.3,-,-,-,-,-,-,-,-,-,27.6,28.6,27.0,-,-,-,-,-,-,-,-,-,-,-,-,-,-,-,-,-,-,-,-,-,825.6,-,-
2021-07-11 10:40:00,39.2,39.4,39.0,-,-,-,-,-,-,-,-,-,53.9,56.3,51.6,-,-,-,-,-,-,-,-,-,28.0,28.6,27.3,-,-,-,-,-,-,-,-,-,-,-,-,-,-,-,-,-,-,-,-,-,898.2,-,-
2021-07-11 10:30:00,38.7,38.9,38.5,-,-,-,-,-,-,-,-,-,54.9,58.4,52.7,-,-,-,-,-,-,-,-,-,28.2,29.2,27.7,-,-,-,-,-,-,-,-,-,-,-,-,-,-,-,-,-,-,-,-,-,864.3,-,-
2021-07-11 10:20:00,38.3,38.4,38.1,-,-,-,-,-,-,-,-,-,54.2,56.7,52.1,-,-,-,-,-,-,-,-,-,27.1,28.0,26.4,-,-,-,-,-,-,-,-,-,-,-,-,-,-,-,-,-,-,-,-,-,847.5,-,-
2021-07-11 10:10:00,38.0,38.2,37.6,-,-,-,-,-,-,-,-,-,57.4,60.3,55.5,-,-,-,-,-,-,-,-,-,28.1,28.6,27.4,-,-,-,-,-,-,-,-,-,-,-,-,-,-,-,-,-,-,-,-,-,830.7,-,-
2021-07-11 10:00:00,37.7,37.8,37.5,-,-,-,-,-,-,-,-,-,57.1,60.3,55.2,-,-,-,-,-,-,-,-,-,28.0,28.9,27.4,-,-,-,-,-,-,-,-,-,-,-,-,-,-,-,-,-,-,-,-,-,530.9,-,-
2021-07-11 09:50:00,37.0,37.5,36.6,-,-,-,-,-,-,-,-,-,59.9,64.2,57.6,-,-,-,-,-,-,-,-,-,28.0,29.0,27.3,-,-,-,-,-,-,-,-,-,-,-,-,-,-,-,-,-,-,-,-,-,829.2,-,-
2021-07-11 09:40:00,36.3,36.4,36.2,-,-,-,-,-,-,-,-,-,59.9,67.0,57.7,-,-,-,-,-,-,-,-,-,26.9,28.1,26.4,-,-,-,-,-,-,-,-,-,-,-,-,-,-,-,-,-,-,-,-,-,656.1,-,-
2021-07-11 09:30:00,36.4,36.6,36.2,-,-,-,-,-,-,-,-,-,60.1,62.5,58.1,-,-,-,-,-,-,-,-,-,27.4,28.2,26.4,-,-,-,-,-,-,-,-,-,-,-,-,-,-,-,-,-,-,-,-,-,634.0,-,-
2021-07-11 09:20:00,35.9,36.2,35.6,-,-,-,-,-,-,-,-,-,62.2,64.7,60.5,-,-,-,-,-,-,-,-,-,27.6,28.4,27.3,-,-,-,-,-,-,-,-,-,-,-,-,-,-,-,-,-,-,-,-,-,624.1,-,-
2021-07-11 09:10:00,34.8,35.4,34.3,-,-,-,-,-,-,-,-,-,65.9,71.5,62.7,-,-,-,-,-,-,-,-,-,27.4,28.2,26.9,-,-,-,-,-,-,-,-,-,-,-,-,-,-,-,-,-,-,-,-,-,698.3,-,-
2021-07-11 09:00:00,33.4,34.1,32.6,-,-,-,-,-,-,-,-,-,72.3,80.5,68.4,-,-,-,-,-,-,-,-,-,27.7,28.9,26.8,-,-,-,-,-,-,-,-,-,-,-,-,-,-,-,-,-,-,-,-,-,673.3,-,-
2021-07-11 08:50:00,31.7,32.6,30.9,-,-,-,-,-,-,-,-,-,75.2,78.5,71.1,-,-,-,-,-,-,-,-,-,26.8,27.2,26.5,-,-,-,-,-,-,-,-,-,-,-,-,-,-,-,-,-,-,-,-,-,643.6,-,-
2021-07-11 08:40:00,30.1,30.8,29.4,-,-,-,-,-,-,-,-,-,81.3,85.0,78.5,-,-,-,-,-,-,-,-,-,26.6,28.4,25.6,-,-,-,-,-,-,-,-,-,-,-,-,-,-,-,-,-,-,-,-,-,558.8,-,-
2021-07-11 08:30:00,28.6,29.2,28.0,-,-,-,-,-,-,-,-,-,85.7,87.9,83.8,-,-,-,-,-,-,-,-,-,25.9,26.4,25.6,-,-,-,-,-,-,-,-,-,-,-,-,-,-,-,-,-,-,-,-,-,493.3,-,-
2021-07-11 08:20:00,27.5,27.9,27.4,-,-,-,-,-,-,-,-,-,86.3,87.6,85.3,-,-,-,-,-,-,-,-,-,24.9,25.8,24.3,-,-,-,-,-,-,-,-,-,-,-,-,-,-,-,-,-,-,-,-,-,317.9,-,-
2021-07-11 08:10:00,27.4,27.4,27.3,-,-,-,-,-,-,-,-,-,85.6,86.1,85.0,-,-,-,-,-,-,-,-,-,24.4,24.5,24.3,-,-,-,-,-,-,-,-,-,-,-,-,-,-,-,-,-,-,-,-,-,184.2,-,-
2021-07-11 08:00:00,27.3,27.3,27.2,-,-,-,-,-,-,-,-,-,86.4,87.4,85.9,-,-,-,-,-,-,-,-,-,24.5,24.6,24.5,-,-,-,-,-,-,-,-,-,-,-,-,-,-,-,-,-,-,-,-,-,174.2,-,-
2021-07-11 07:50:00,26.9,27.2,26.6,-,-,-,-,-,-,-,-,-,88.6,89.4,87.6,-,-,-,-,-,-,-,-,-,24.9,25.0,24.8,-,-,-,-,-,-,-,-,-,-,-,-,-,-,-,-,-,-,-,-,-,209.2,-,-
2021-07-11 07:40:00,26.4,26.6,26.1,-,-,-,-,-,-,-,-,-,92.2,94.2,90.2,-,-,-,-,-,-,-,-,-,25.0,25.6,24.6,-,-,-,-,-,-,-,-,-,-,-,-,-,-,-,-,-,-,-,-,-,205.9,-,-
2021-07-11 07:30:00,25.5,26.0,25.0,-,-,-,-,-,-,-,-,-,96.2,97.6,94.8,-,-,-,-,-,-,-,-,-,25.0,25.5,24.5,-,-,-,-,-,-,-,-,-,-,-,-,-,-,-,-,-,-,-,-,-,311.9,-,-
2021-07-11 07:20:00,24.6,25.0,24.2,-,-,-,-,-,-,-,-,-,98.4,99.5,97.5,-,-,-,-,-,-,-,-,-,24.4,24.8,23.8,-,-,-,-,-,-,-,-,-,-,-,-,-,-,-,-,-,-,-,-,-,255.2,-,-
2021-07-11 07:10:00,23.7,24.1,23.4,-,-,-,-,-,-,-,-,-,100.0,100.0,99.7,-,-,-,-,-,-,-,-,-,23.8,24.0,23.0,-,-,-,-,-,-,-,-,-,-,-,-,-,-,-,-,-,-,-,-,-,228.3,-,-
2021-07-11 07:00:00,22.9,23.3,22.6,-,-,-,-,-,-,-,-,-,100.0,100.0,100.0,-,-,-,-,-,-,-,-,-,23.0,23.0,23.0,-,-,-,-,-,-,-,-,-,-,-,-,-,-,-,-,-,-,-,-,-,182.8,-,-
2021-07-11 06:50:00,22.3,22.6,22.1,-,-,-,-,-,-,-,-,-,100.0,100.0,100.0,-,-,-,-,-,-,-,-,-,22.3,23.0,22.0,-,-,-,-,-,-,-,-,-,-,-,-,-,-,-,-,-,-,-,-,-,111.0,-,-
2021-07-11 06:40:00,21.8,22.0,21.6,-,-,-,-,-,-,-,-,-,100.0,100.0,100.0,-,-,-,-,-,-,-,-,-,22.0,22.0,22.0,-,-,-,-,-,-,-,-,-,-,-,-,-,-,-,-,-,-,-,-,-,95.8,-,-
2021-07-11 06:30:00,21.3,21.5,21.2,-,-,-,-,-,-,-,-,-,100.0,100.0,100.0,-,-,-,-,-,-,-,-,-,21.1,22.0,21.0,-,-,-,-,-,-,-,-,-,-,-,-,-,-,-,-,-,-,-,-,-,57.4,-,-
2021-07-11 06:20:00,21.1,21.2,21.0,-,-,-,-,-,-,-,-,-,100.0,100.0,100.0,-,-,-,-,-,-,-,-,-,21.0,21.0,21.0,-,-,-,-,-,-,-,-,-,-,-,-,-,-,-,-,-,-,-,-,-,20.1,-,-
2021-07-11 06:10:00,21.0,21.0,20.9,-,-,-,-,-,-,-,-,-,100.0,100.0,100.0,-,-,-,-,-,-,-,-,-,21.0,21.0,21.0,-,-,-,-,-,-,-,-,-,-,-,-,-,-,-,-,-,-,-,-,-,0.0,-,-
2021-07-11 06:00:00,20.8,20.9,20.7,-,-,-,-,-,-,-,-,-,100.0,100.0,100.0,-,-,-,-,-,-,-,-,-,21.0,21.0,21.0,-,-,-,-,-,-,-,-,-,-,-,-,-,-,-,-,-,-,-,-,-,22.6,-,-
2021-07-11 05:50:00,20.6,20.7,20.4,-,-,-,-,-,-,-,-,-,100.0,100.0,100.0,-,-,-,-,-,-,-,-,-,20.9,21.0,20.0,-,-,-,-,-,-,-,-,-,-,-,-,-,-,-,-,-,-,-,-,-,14.8,-,-
2021-07-11 05:40:00,20.3,20.4,20.2,-,-,-,-,-,-,-,-,-,100.0,100.0,100.0,-,-,-,-,-,-,-,-,-,20.0,20.0,20.0,-,-,-,-,-,-,-,-,-,-,-,-,-,-,-,-,-,-,-,-,-,0.0,-,-
2021-07-11 05:30:00,20.2,20.2,20.1,-,-,-,-,-,-,-,-,-,100.0,100.0,100.0,-,-,-,-,-,-,-,-,-,20.0,20.0,20.0,-,-,-,-,-,-,-,-,-,-,-,-,-,-,-,-,-,-,-,-,-,0.0,-,-
2021-07-11 05:20:00,20.1,20.2,20.1,-,-,-,-,-,-,-,-,-,100.0,100.0,100.0,-,-,-,-,-,-,-,-,-,20.0,20.0,20.0,-,-,-,-,-,-,-,-,-,-,-,-,-,-,-,-,-,-,-,-,-,0.0,-,-
2021-07-11 05:10:00,20.1,20.1,20.0,-,-,-,-,-,-,-,-,-,100.0,100.0,100.0,-,-,-,-,-,-,-,-,-,20.0,20.0,20.0,-,-,-,-,-,-,-,-,-,-,-,-,-,-,-,-,-,-,-,-,-,0.0,-,-
2021-07-11 05:00:00,20.0,20.0,20.0,-,-,-,-,-,-,-,-,-,100.0,100.0,100.0,-,-,-,-,-,-,-,-,-,20.0,20.0,20.0,-,-,-,-,-,-,-,-,-,-,-,-,-,-,-,-,-,-,-,-,-,0.0,-,-
2021-07-11 04:50:00,20.0,20.0,20.0,-,-,-,-,-,-,-,-,-,100.0,100.0,100.0,-,-,-,-,-,-,-,-,-,20.0,20.0,20.0,-,-,-,-,-,-,-,-,-,-,-,-,-,-,-,-,-,-,-,-,-,0.0,-,-
2021-07-11 04:40:00,20.1,20.1,20.0,-,-,-,-,-,-,-,-,-,100.0,100.0,100.0,-,-,-,-,-,-,-,-,-,20.0,20.0,20.0,-,-,-,-,-,-,-,-,-,-,-,-,-,-,-,-,-,-,-,-,-,0.0,-,-
2021-07-11 04:30:00,20.2,20.3,20.2,-,-,-,-,-,-,-,-,-,100.0,100.0,100.0,-,-,-,-,-,-,-,-,-,20.0,20.0,20.0,-,-,-,-,-,-,-,-,-,-,-,-,-,-,-,-,-,-,-,-,-,0.0,-,-
2021-07-11 04:20:00,20.4,20.4,20.3,-,-,-,-,-,-,-,-,-,100.0,100.0,100.0,-,-,-,-,-,-,-,-,-,20.0,20.0,20.0,-,-,-,-,-,-,-,-,-,-,-,-,-,-,-,-,-,-,-,-,-,0.0,-,-
2021-07-11 04:10:00,20.5,20.5,20.4,-,-,-,-,-,-,-,-,-,100.0,100.0,100.0,-,-,-,-,-,-,-,-,-,20.6,21.0,20.0,-,-,-,-,-,-,-,-,-,-,-,-,-,-,-,-,-,-,-,-,-,0.0,-,-
2021-07-11 04:00:00,20.5,20.5,20.5,-,-,-,-,-,-,-,-,-,100.0,100.0,100.0,-,-,-,-,-,-,-,-,-,21.0,21.0,21.0,-,-,-,-,-,-,-,-,-,-,-,-,-,-,-,-,-,-,-,-,-,0.0,-,-
2021-07-11 03:50:00,20.5,20.5,20.5,-,-,-,-,-,-,-,-,-,100.0,100.0,100.0,-,-,-,-,-,-,-,-,-,21.0,21.0,21.0,-,-,-,-,-,-,-,-,-,-,-,-,-,-,-,-,-,-,-,-,-,0.0,-,-
2021-07-11 03:40:00,20.5,20.5,20.5,-,-,-,-,-,-,-,-,-,100.0,100.0,100.0,-,-,-,-,-,-,-,-,-,21.0,21.0,21.0,-,-,-,-,-,-,-,-,-,-,-,-,-,-,-,-,-,-,-,-,-,0.0,-,-
2021-07-11 03:30:00,20.5,20.5,20.5,-,-,-,-,-,-,-,-,-,100.0,100.0,100.0,-,-,-,-,-,-,-,-,-,21.0,21.0,21.0,-,-,-,-,-,-,-,-,-,-,-,-,-,-,-,-,-,-,-,-,-,0.0,-,-
2021-07-11 03:20:00,20.5,20.5,20.5,-,-,-,-,-,-,-,-,-,100.0,100.0,100.0,-,-,-,-,-,-,-,-,-,21.0,21.0,21.0,-,-,-,-,-,-,-,-,-,-,-,-,-,-,-,-,-,-,-,-,-,0.0,-,-
2021-07-11 03:10:00,20.5,20.5,20.4,-,-,-,-,-,-,-,-,-,100.0,100.0,100.0,-,-,-,-,-,-,-,-,-,20.9,21.0,20.0,-,-,-,-,-,-,-,-,-,-,-,-,-,-,-,-,-,-,-,-,-,0.0,-,-
2021-07-11 03:00:00,20.5,20.5,20.5,-,-,-,-,-,-,-,-,-,100.0,100.0,100.0,-,-,-,-,-,-,-,-,-,21.0,21.0,21.0,-,-,-,-,-,-,-,-,-,-,-,-,-,-,-,-,-,-,-,-,-,0.0,-,-
2021-07-11 02:50:00,20.5,20.5,20.4,-,-,-,-,-,-,-,-,-,100.0,100.0,100.0,-,-,-,-,-,-,-,-,-,20.8,21.0,20.0,-,-,-,-,-,-,-,-,-,-,-,-,-,-,-,-,-,-,-,-,-,0.0,-,-
2021-07-11 02:40:00,20.4,20.4,20.3,-,-,-,-,-,-,-,-,-,100.0,100.0,100.0,-,-,-,-,-,-,-,-,-,20.0,20.0,20.0,-,-,-,-,-,-,-,-,-,-,-,-,-,-,-,-,-,-,-,-,-,0.0,-,-
2021-07-11 02:30:00,20.3,20.3,20.3,-,-,-,-,-,-,-,-,-,100.0,100.0,100.0,-,-,-,-,-,-,-,-,-,20.0,20.0,20.0,-,-,-,-,-,-,-,-,-,-,-,-,-,-,-,-,-,-,-,-,-,0.0,-,-
2021-07-11 02:20:00,20.4,20.4,20.3,-,-,-,-,-,-,-,-,-,100.0,100.0,100.0,-,-,-,-,-,-,-,-,-,20.0,20.0,20.0,-,-,-,-,-,-,-,-,-,-,-,-,-,-,-,-,-,-,-,-,-,0.0,-,-
2021-07-11 02:10:00,20.4,20.4,20.4,-,-,-,-,-,-,-,-,-,100.0,100.0,100.0,-,-,-,-,-,-,-,-,-,20.0,20.0,20.0,-,-,-,-,-,-,-,-,-,-,-,-,-,-,-,-,-,-,-,-,-,0.0,-,-
2021-07-11 02:00:00,20.4,20.5,20.4,-,-,-,-,-,-,-,-,-,100.0,100.0,100.0,-,-,-,-,-,-,-,-,-,20.3,21.0,20.0,-,-,-,-,-,-,-,-,-,-,-,-,-,-,-,-,-,-,-,-,-,0.0,-,-
2021-07-11 01:50:00,20.5,20.6,20.5,-,-,-,-,-,-,-,-,-,100.0,100.0,100.0,-,-,-,-,-,-,-,-,-,21.0,21.0,21.0,-,-,-,-,-,-,-,-,-,-,-,-,-,-,-,-,-,-,-,-,-,0.0,-,-
2021-07-11 01:40:00,20.6,20.6,20.6,-,-,-,-,-,-,-,-,-,100.0,100.0,100.0,-,-,-,-,-,-,-,-,-,21.0,21.0,21.0,-,-,-,-,-,-,-,-,-,-,-,-,-,-,-,-,-,-,-,-,-,0.0,-,-
2021-07-11 01:30:00,20.7,20.7,20.6,-,-,-,-,-,-,-,-,-,100.0,100.0,100.0,-,-,-,-,-,-,-,-,-,21.0,21.0,21.0,-,-,-,-,-,-,-,-,-,-,-,-,-,-,-,-,-,-,-,-,-,0.0,-,-
2021-07-11 01:20:00,20.8,20.8,20.7,-,-,-,-,-,-,-,-,-,100.0,100.0,100.0,-,-,-,-,-,-,-,-,-,21.0,21.0,21.0,-,-,-,-,-,-,-,-,-,-,-,-,-,-,-,-,-,-,-,-,-,0.0,-,-
2021-07-11 01:10:00,20.9,21.0,20.8,-,-,-,-,-,-,-,-,-,100.0,100.0,100.0,-,-,-,-,-,-,-,-,-,21.0,21.0,21.0,-,-,-,-,-,-,-,-,-,-,-,-,-,-,-,-,-,-,-,-,-,0.0,-,-
2021-07-11 01:00:00,21.1,21.2,21.0,-,-,-,-,-,-,-,-,-,100.0,100.0,100.0,-,-,-,-,-,-,-,-,-,21.0,21.0,21.0,-,-,-,-,-,-,-,-,-,-,-,-,-,-,-,-,-,-,-,-,-,0.0,-,-
2021-07-11 00:50:00,21.3,21.3,21.2,-,-,-,-,-,-,-,-,-,100.0,100.0,100.0,-,-,-,-,-,-,-,-,-,21.0,21.0,21.0,-,-,-,-,-,-,-,-,-,-,-,-,-,-,-,-,-,-,-,-,-,0.0,-,-
2021-07-11 00:40:00,21.4,21.5,21.4,-,-,-,-,-,-,-,-,-,100.0,100.0,100.0,-,-,-,-,-,-,-,-,-,21.3,22.0,21.0,-,-,-,-,-,-,-,-,-,-,-,-,-,-,-,-,-,-,-,-,-,0.0,-,-
2021-07-11 00:30:00,21.5,21.6,21.5,-,-,-,-,-,-,-,-,-,100.0,100.0,100.0,-,-,-,-,-,-,-,-,-,22.0,22.0,22.0,-,-,-,-,-,-,-,-,-,-,-,-,-,-,-,-,-,-,-,-,-,0.0,-,-
2021-07-11 00:20:00,21.6,21.6,21.6,-,-,-,-,-,-,-,-,-,100.0,100.0,100.0,-,-,-,-,-,-,-,-,-,22.0,22.0,22.0,-,-,-,-,-,-,-,-,-,-,-,-,-,-,-,-,-,-,-,-,-,0.0,-,-
2021-07-11 00:10:00,21.6,21.6,21.6,-,-,-,-,-,-,-,-,-,100.0,100.0,100.0,-,-,-,-,-,-,-,-,-,22.0,22.0,22.0,-,-,-,-,-,-,-,-,-,-,-,-,-,-,-,-,-,-,-,-,-,0.0,-,-
2021-07-11 00:00:00,21.7,21.7,21.6,-,-,-,-,-,-,-,-,-,100.0,100.0,100.0,-,-,-,-,-,-,-,-,-,22.0,22.0,22.0,-,-,-,-,-,-,-,-,-,-,-,-,-,-,-,-,-,-,-,-,-,0.0,-,-
2021-07-10 23:50:00,21.7,21.7,21.7,-,-,-,-,-,-,-,-,-,100.0,100.0,100.0,-,-,-,-,-,-,-,-,-,22.0,22.0,22.0,-,-,-,-,-,-,-,-,-,-,-,-,-,-,-,-,-,-,-,-,-,0.0,-,-
2021-07-10 23:40:00,21.8,21.8,21.7,-,-,-,-,-,-,-,-,-,100.0,100.0,100.0,-,-,-,-,-,-,-,-,-,22.0,22.0,22.0,-,-,-,-,-,-,-,-,-,-,-,-,-,-,-,-,-,-,-,-,-,0.0,-,-
2021-07-10 23:30:00,21.8,21.8,21.7,-,-,-,-,-,-,-,-,-,100.0,100.0,100.0,-,-,-,-,-,-,-,-,-,22.0,22.0,22.0,-,-,-,-,-,-,-,-,-,-,-,-,-,-,-,-,-,-,-,-,-,0.0,-,-
2021-07-10 23:20:00,21.7,21.7,21.7,-,-,-,-,-,-,-,-,-,100.0,100.0,100.0,-,-,-,-,-,-,-,-,-,22.0,22.0,22.0,-,-,-,-,-,-,-,-,-,-,-,-,-,-,-,-,-,-,-,-,-,0.0,-,-
2021-07-10 23:10:00,21.7,21.7,21.7,-,-,-,-,-,-,-,-,-,100.0,100.0,100.0,-,-,-,-,-,-,-,-,-,22.0,22.0,22.0,-,-,-,-,-,-,-,-,-,-,-,-,-,-,-,-,-,-,-,-,-,0.0,-,-
2021-07-10 23:00:00,21.6,21.7,21.6,-,-,-,-,-,-,-,-,-,100.0,100.0,100.0,-,-,-,-,-,-,-,-,-,22.0,22.0,22.0,-,-,-,-,-,-,-,-,-,-,-,-,-,-,-,-,-,-,-,-,-,0.0,-,-
2021-07-10 22:50:00,21.7,21.7,21.6,-,-,-,-,-,-,-,-,-,100.0,100.0,100.0,-,-,-,-,-,-,-,-,-,22.0,22.0,22.0,-,-,-,-,-,-,-,-,-,-,-,-,-,-,-,-,-,-,-,-,-,0.0,-,-
2021-07-10 22:40:00,21.6,21.6,21.6,-,-,-,-,-,-,-,-,-,100.0,100.0,100.0,-,-,-,-,-,-,-,-,-,22.0,22.0,22.0,-,-,-,-,-,-,-,-,-,-,-,-,-,-,-,-,-,-,-,-,-,0.0,-,-
2021-07-10 22:30:00,21.6,21.6,21.5,-,-,-,-,-,-,-,-,-,100.0,100.0,100.0,-,-,-,-,-,-,-,-,-,22.0,22.0,22.0,-,-,-,-,-,-,-,-,-,-,-,-,-,-,-,-,-,-,-,-,-,0.0,-,-
2021-07-10 22:20:00,21.5,21.5,21.5,-,-,-,-,-,-,-,-,-,100.0,100.0,100.0,-,-,-,-,-,-,-,-,-,22.0,22.0,22.0,-,-,-,-,-,-,-,-,-,-,-,-,-,-,-,-,-,-,-,-,-,0.0,-,-
2021-07-10 22:10:00,21.4,21.5,21.4,-,-,-,-,-,-,-,-,-,100.0,100.0,100.0,-,-,-,-,-,-,-,-,-,21.4,22.0,21.0,-,-,-,-,-,-,-,-,-,-,-,-,-,-,-,-,-,-,-,-,-,0.0,-,-
2021-07-10 22:00:00,21.3,21.3,21.2,-,-,-,-,-,-,-,-,-,100.0,100.0,100.0,-,-,-,-,-,-,-,-,-,21.0,21.0,21.0,-,-,-,-,-,-,-,-,-,-,-,-,-,-,-,-,-,-,-,-,-,0.0,-,-
2021-07-10 21:50:00,21.2,21.3,21.2,-,-,-,-,-,-,-,-,-,100.0,100.0,100.0,-,-,-,-,-,-,-,-,-,21.0,21.0,21.0,-,-,-,-,-,-,-,-,-,-,-,-,-,-,-,-,-,-,-,-,-,0.0,-,-
2021-07-10 21:40:00,21.2,21.2,21.2,-,-,-,-,-,-,-,-,-,100.0,100.0,100.0,-,-,-,-,-,-,-,-,-,21.0,21.0,21.0,-,-,-,-,-,-,-,-,-,-,-,-,-,-,-,-,-,-,-,-,-,0.0,-,-
2021-07-10 21:30:00,21.2,21.2,21.1,-,-,-,-,-,-,-,-,-,100.0,100.0,100.0,-,-,-,-,-,-,-,-,-,21.0,21.0,21.0,-,-,-,-,-,-,-,-,-,-,-,-,-,-,-,-,-,-,-,-,-,0.0,-,-
2021-07-10 21:20:00,21.2,21.3,21.2,-,-,-,-,-,-,-,-,-,99.6,100.0,99.3,-,-,-,-,-,-,-,-,-,20.9,21.0,20.8,-,-,-,-,-,-,-,-,-,-,-,-,-,-,-,-,-,-,-,-,-,0.0,-,-
2021-07-10 21:10:00,21.4,21.4,21.3,-,-,-,-,-,-,-,-,-,99.3,99.4,99.0,-,-,-,-,-,-,-,-,-,20.8,20.8,20.8,-,-,-,-,-,-,-,-,-,-,-,-,-,-,-,-,-,-,-,-,-,0.0,-,-
2021-07-10 21:00:00,21.5,21.6,21.4,-,-,-,-,-,-,-,-,-,98.6,98.9,98.2,-,-,-,-,-,-,-,-,-,21.4,21.8,20.8,-,-,-,-,-,-,-,-,-,-,-,-,-,-,-,-,-,-,-,-,-,0.0,-,-
2021-07-10 20:50:00,21.7,21.8,21.6,-,-,-,-,-,-,-,-,-,97.9,98.2,97.5,-,-,-,-,-,-,-,-,-,21.7,21.7,21.7,-,-,-,-,-,-,-,-,-,-,-,-,-,-,-,-,-,-,-,-,-,0.0,-,-
2021-07-10 20:40:00,21.9,22.0,21.8,-,-,-,-,-,-,-,-,-,98.0,98.4,97.7,-,-,-,-,-,-,-,-,-,21.7,21.7,21.7,-,-,-,-,-,-,-,-,-,-,-,-,-,-,-,-,-,-,-,-,-,0.0,-,-
2021-07-10 20:30:00,22.1,22.2,22.0,-,-,-,-,-,-,-,-,-,97.9,98.3,97.6,-,-,-,-,-,-,-,-,-,21.7,21.7,21.7,-,-,-,-,-,-,-,-,-,-,-,-,-,-,-,-,-,-,-,-,-,0.0,-,-
2021-07-10 20:20:00,22.3,22.4,22.2,-,-,-,-,-,-,-,-,-,97.7,97.9,97.6,-,-,-,-,-,-,-,-,-,21.7,21.7,21.7,-,-,-,-,-,-,-,-,-,-,-,-,-,-,-,-,-,-,-,-,-,0.0,-,-
2021-07-10 20:10:00,22.4,22.4,22.3,-,-,-,-,-,-,-,-,-,96.9,97.8,96.2,-,-,-,-,-,-,-,-,-,21.5,21.7,21.3,-,-,-,-,-,-,-,-,-,-,-,-,-,-,-,-,-,-,-,-,-,0.0,-,-
2021-07-10 20:00:00,22.5,22.6,22.5,-,-,-,-,-,-,-,-,-,95.7,95.9,95.5,-,-,-,-,-,-,-,-,-,22.2,22.3,21.3,-,-,-,-,-,-,-,-,-,-,-,-,-,-,-,-,-,-,-,-,-,0.0,-,-
2021-07-10 19:50:00,22.7,22.8,22.6,-,-,-,-,-,-,-,-,-,95.2,95.5,94.8,-,-,-,-,-,-,-,-,-,22.2,22.3,22.2,-,-,-,-,-,-,-,-,-,-,-,-,-,-,-,-,-,-,-,-,-,0.0,-,-
2021-07-10 19:40:00,23.0,23.1,22.8,-,-,-,-,-,-,-,-,-,94.6,94.9,94.1,-,-,-,-,-,-,-,-,-,22.2,22.2,22.0,-,-,-,-,-,-,-,-,-,-,-,-,-,-,-,-,-,-,-,-,-,0.0,-,-
2021-07-10 19:30:00,23.3,23.5,23.2,-,-,-,-,-,-,-,-,-,93.3,94.0,92.5,-,-,-,-,-,-,-,-,-,22.0,22.8,21.8,-,-,-,-,-,-,-,-,-,-,-,-,-,-,-,-,-,-,-,-,-,0.0,-,-
2021-07-10 19:20:00,23.6,23.8,23.5,-,-,-,-,-,-,-,-,-,91.6,92.8,90.9,-,-,-,-,-,-,-,-,-,22.5,22.8,22.4,-,-,-,-,-,-,-,-,-,-,-,-,-,-,-,-,-,-,-,-,-,0.0,-,-
2021-07-10 19:10:00,24.0,24.3,23.8,-,-,-,-,-,-,-,-,-,90.9,92.0,89.8,-,-,-,-,-,-,-,-,-,22.4,22.6,22.3,-,-,-,-,-,-,-,-,-,-,-,-,-,-,-,-,-,-,-,-,-,0.0,-,-
2021-07-10 19:00:00,24.9,25.1,24.5,-,-,-,-,-,-,-,-,-,86.7,88.9,84.6,-,-,-,-,-,-,-,-,-,22.6,23.1,22.1,-,-,-,-,-,-,-,-,-,-,-,-,-,-,-,-,-,-,-,-,-,0.0,-,-
2021-07-10 18:50:00,25.2,25.3,25.1,-,-,-,-,-,-,-,-,-,83.2,84.5,82.1,-,-,-,-,-,-,-,-,-,22.0,22.3,21.7,-,-,-,-,-,-,-,-,-,-,-,-,-,-,-,-,-,-,-,-,-,0.0,-,-
2021-07-10 18:40:00,25.5,25.8,25.3,-,-,-,-,-,-,-,-,-,81.0,82.0,79.4,-,-,-,-,-,-,-,-,-,22.0,22.5,21.5,-,-,-,-,-,-,-,-,-,-,-,-,-,-,-,-,-,-,-,-,-,0.0,-,-
2021-07-10 18:30:00,26.4,27.0,25.9,-,-,-,-,-,-,-,-,-,77.4,79.3,75.3,-,-,-,-,-,-,-,-,-,22.2,22.6,21.7,-,-,-,-,-,-,-,-,-,-,-,-,-,-,-,-,-,-,-,-,-,0.0,-,-
2021-07-10 18:20:00,27.8,28.4,27.2,-,-,-,-,-,-,-,-,-,74.2,79.9,72.9,-,-,-,-,-,-,-,-,-,22.6,24.0,21.8,-,-,-,-,-,-,-,-,-,-,-,-,-,-,-,-,-,-,-,-,-,0.0,-,-
2021-07-10 18:10:00,28.7,28.9,28.5,-,-,-,-,-,-,-,-,-,77.3,79.8,75.2,-,-,-,-,-,-,-,-,-,24.6,25.2,24.1,-,-,-,-,-,-,-,-,-,-,-,-,-,-,-,-,-,-,-,-,-,2.2,-,-
2021-07-10 18:00:00,29.4,29.7,29.0,-,-,-,-,-,-,-,-,-,74.3,75.2,73.7,-,-,-,-,-,-,-,-,-,24.4,25.1,23.9,-,-,-,-,-,-,-,-,-,-,-,-,-,-,-,-,-,-,-,-,-,30.9,-,-
2021-07-10 17:50:00,30.1,30.3,29.7,-,-,-,-,-,-,-,-,-,72.7,73.5,71.2,-,-,-,-,-,-,-,-,-,24.6,24.9,24.4,-,-,-,-,-,-,-,-,-,-,-,-,-,-,-,-,-,-,-,-,-,60.7,-,-
2021-07-10 17:40:00,30.3,30.4,30.2,-,-,-,-,-,-,-,-,-,72.2,73.1,71.4,-,-,-,-,-,-,-,-,-,24.4,24.6,24.2,-,-,-,-,-,-,-,-,-,-,-,-,-,-,-,-,-,-,-,-,-,116.8,-,-
2021-07-10 17:30:00,30.4,30.7,30.3,-,-,-,-,-,-,-,-,-,71.7,72.8,70.1,-,-,-,-,-,-,-,-,-,24.6,25.1,24.2,-,-,-,-,-,-,-,-,-,-,-,-,-,-,-,-,-,-,-,-,-,109.7,-,-
2021-07-10 17:20:00,31.1,31.4,30.8,-,-,-,-,-,-,-,-,-,69.6,71.0,67.8,-,-,-,-,-,-,-,-,-,24.8,25.1,24.4,-,-,-,-,-,-,-,-,-,-,-,-,-,-,-,-,-,-,-,-,-,152.0,-,-
2021-07-10 17:10:00,32.1,32.8,31.5,-,-,-,-,-,-,-,-,-,65.6,67.4,64.0,-,-,-,-,-,-,-,-,-,24.9,25.3,24.6,-,-,-,-,-,-,-,-,-,-,-,-,-,-,-,-,-,-,-,-,-,126.1,-,-
2021-07-10 17:00:00,33.3,33.4,33.0,-,-,-,-,-,-,-,-,-,64.2,65.5,63.1,-,-,-,-,-,-,-,-,-,25.4,25.8,25.0,-,-,-,-,-,-,-,-,-,-,-,-,-,-,-,-,-,-,-,-,-,319.5,-,-
2021-07-10 16:50:00,33.3,33.4,33.2,-,-,-,-,-,-,-,-,-,64.5,66.3,62.3,-,-,-,-,-,-,-,-,-,25.4,25.8,25.0,-,-,-,-,-,-,-,-,-,-,-,-,-,-,-,-,-,-,-,-,-,434.6,-,-
2021-07-10 16:40:00,33.6,33.8,33.5,-,-,-,-,-,-,-,-,-,62.8,64.3,60.2,-,-,-,-,-,-,-,-,-,26.0,26.2,25.1,-,-,-,-,-,-,-,-,-,-,-,-,-,-,-,-,-,-,-,-,-,373.1,-,-
2021-07-10 16:30:00,33.7,33.8,33.5,-,-,-,-,-,-,-,-,-,63.9,66.4,61.6,-,-,-,-,-,-,-,-,-,26.2,26.5,25.7,-,-,-,-,-,-,-,-,-,-,-,-,-,-,-,-,-,-,-,-,-,516.8,-,-
2021-07-10 16:20:00,33.1,33.5,32.8,-,-,-,-,-,-,-,-,-,64.8,66.3,63.5,-,-,-,-,-,-,-,-,-,25.6,26.2,25.3,-,-,-,-,-,-,-,-,-,-,-,-,-,-,-,-,-,-,-,-,-,579.0,-,-
2021-07-10 16:10:00,32.7,32.9,32.6,-,-,-,-,-,-,-,-,-,64.1,68.4,62.0,-,-,-,-,-,-,-,-,-,25.3,26.3,24.7,-,-,-,-,-,-,-,-,-,-,-,-,-,-,-,-,-,-,-,-,-,441.2,-,-
2021-07-10 16:00:00,33.1,33.4,32.9,-,-,-,-,-,-,-,-,-,62.0,63.5,60.6,-,-,-,-,-,-,-,-,-,24.7,25.0,24.5,-,-,-,-,-,-,-,-,-,-,-,-,-,-,-,-,-,-,-,-,-,388.0,-,-
2021-07-10 15:50:00,33.8,34.2,33.4,-,-,-,-,-,-,-,-,-,60.6,61.8,58.5,-,-,-,-,-,-,-,-,-,25.2,25.7,24.2,-,-,-,-,-,-,-,-,-,-,-,-,-,-,-,-,-,-,-,-,-,401.5,-,-
2021-07-10 15:40:00,34.5,34.9,34.3,-,-,-,-,-,-,-,-,-,59.3,60.5,58.7,-,-,-,-,-,-,-,-,-,25.5,26.1,24.8,-,-,-,-,-,-,-,-,-,-,-,-,-,-,-,-,-,-,-,-,-,435.7,-,-
2021-07-10 15:30:00,35.0,35.4,34.7,-,-,-,-,-,-,-,-,-,58.5,60.4,56.9,-,-,-,-,-,-,-,-,-,25.7,26.3,25.2,-,-,-,-,-,-,-,-,-,-,-,-,-,-,-,-,-,-,-,-,-,497.1,-,-
2021-07-10 15:20:00,35.4,35.7,35.2,-,-,-,-,-,-,-,-,-,57.4,60.0,55.2,-,-,-,-,-,-,-,-,-,25.6,26.1,24.9,-,-,-,-,-,-,-,-,-,-,-,-,-,-,-,-,-,-,-,-,-,548.3,-,-
2021-07-10 15:10:00,35.8,35.8,35.7,-,-,-,-,-,-,-,-,-,57.2,58.9,55.6,-,-,-,-,-,-,-,-,-,26.2,26.7,25.8,-,-,-,-,-,-,-,-,-,-,-,-,-,-,-,-,-,-,-,-,-,601.6,-,-
2021-07-10 15:00:00,35.8,35.9,35.5,-,-,-,-,-,-,-,-,-,58.2,60.5,56.3,-,-,-,-,-,-,-,-,-,26.5,27.0,25.8,-,-,-,-,-,-,-,-,-,-,-,-,-,-,-,-,-,-,-,-,-,616.8,-,-
2021-07-10 14:50:00,35.7,35.8,35.5,-,-,-,-,-,-,-,-,-,57.5,60.2,54.7,-,-,-,-,-,-,-,-,-,26.3,27.0,25.8,-,-,-,-,-,-,-,-,-,-,-,-,-,-,-,-,-,-,-,-,-,587.2,-,-
2021-07-10 14:40:00,36.0,36.3,35.6,-,-,-,-,-,-,-,-,-,55.6,57.4,54.2,-,-,-,-,-,-,-,-,-,25.7,26.4,25.2,-,-,-,-,-,-,-,-,-,-,-,-,-,-,-,-,-,-,-,-,-,627.4,-,-
2021-07-10 14:30:00,36.9,37.6,36.4,-,-,-,-,-,-,-,-,-,51.5,53.7,48.5,-,-,-,-,-,-,-,-,-,25.3,26.1,24.5,-,-,-,-,-,-,-,-,-,-,-,-,-,-,-,-,-,-,-,-,-,549.9,-,-
2021-07-10 14:20:00,37.9,37.9,37.7,-,-,-,-,-,-,-,-,-,52.4,54.4,50.0,-,-,-,-,-,-,-,-,-,26.5,27.1,25.8,-,-,-,-,-,-,-,-,-,-,-,-,-,-,-,-,-,-,-,-,-,739.7,-,-
2021-07-10 14:10:00,38.2,38.3,37.9,-,-,-,-,-,-,-,-,-,49.9,51.4,48.4,-,-,-,-,-,-,-,-,-,25.8,26.4,25.1,-,-,-,-,-,-,-,-,-,-,-,-,-,-,-,-,-,-,-,-,-,735.7,-,-
2021-07-10 14:00:00,37.9,38.2,37.5,-,-,-,-,-,-,-,-,-,51.6,53.9,49.0,-,-,-,-,-,-,-,-,-,26.3,27.1,25.4,-,-,-,-,-,-,-,-,-,-,-,-,-,-,-,-,-,-,-,-,-,859.1,-,-
2021-07-10 13:50:00,37.5,37.8,37.3,-,-,-,-,-,-,-,-,-,50.1,53.5,47.6,-,-,-,-,-,-,-,-,-,25.4,26.1,24.5,-,-,-,-,-,-,-,-,-,-,-,-,-,-,-,-,-,-,-,-,-,803.0,-,-
2021-07-10 13:40:00,37.4,37.7,37.3,-,-,-,-,-,-,-,-,-,51.0,53.8,47.4,-,-,-,-,-,-,-,-,-,25.5,27.1,23.8,-,-,-,-,-,-,-,-,-,-,-,-,-,-,-,-,-,-,-,-,-,862.5,-,-
2021-07-10 13:30:00,37.5,37.5,37.4,-,-,-,-,-,-,-,-,-,50.2,52.5,48.0,-,-,-,-,-,-,-,-,-,25.7,26.4,24.2,-,-,-,-,-,-,-,-,-,-,-,-,-,-,-,-,-,-,-,-,-,912.7,-,-
2021-07-10 13:20:00,37.0,37.5,36.6,-,-,-,-,-,-,-,-,-,52.8,56.0,48.1,-,-,-,-,-,-,-,-,-,25.8,26.8,24.8,-,-,-,-,-,-,-,-,-,-,-,-,-,-,-,-,-,-,-,-,-,997.0,-,-
2021-07-10 13:10:00,36.0,36.4,35.6,-,-,-,-,-,-,-,-,-,55.6,56.5,53.9,-,-,-,-,-,-,-,-,-,25.7,26.1,25.2,-,-,-,-,-,-,-,-,-,-,-,-,-,-,-,-,-,-,-,-,-,975.4,-,-
2021-07-10 13:00:00,35.2,35.6,35.0,-,-,-,-,-,-,-,-,-,56.4,59.2,54.3,-,-,-,-,-,-,-,-,-,25.2,26.1,24.6,-,-,-,-,-,-,-,-,-,-,-,-,-,-,-,-,-,-,-,-,-,766.2,-,-
2021-07-10 12:50:00,35.9,36.2,35.3,-,-,-,-,-,-,-,-,-,54.0,55.5,52.6,-,-,-,-,-,-,-,-,-,25.1,25.8,24.3,-,-,-,-,-,-,-,-,-,-,-,-,-,-,-,-,-,-,-,-,-,594.3,-,-
2021-07-10 12:40:00,36.8,37.1,36.3,-,-,-,-,-,-,-,-,-,53.6,55.9,51.9,-,-,-,-,-,-,-,-,-,25.9,26.8,25.2,-,-,-,-,-,-,-,-,-,-,-,-,-,-,-,-,-,-,-,-,-,705.4,-,-
2021-07-10 12:30:00,36.8,36.9,36.6,-,-,-,-,-,-,-,-,-,54.0,55.9,50.6,-,-,-,-,-,-,-,-,-,26.1,26.8,25.2,-,-,-,-,-,-,-,-,-,-,-,-,-,-,-,-,-,-,-,-,-,814.3,-,-
2021-07-10 12:20:00,36.6,36.9,36.3,-,-,-,-,-,-,-,-,-,54.8,60.2,53.0,-,-,-,-,-,-,-,-,-,26.1,27.9,25.2,-,-,-,-,-,-,-,-,-,-,-,-,-,-,-,-,-,-,-,-,-,621.9,-,-
2021-07-10 12:10:00,36.4,36.8,36.0,-,-,-,-,-,-,-,-,-,57.7,62.1,55.6,-,-,-,-,-,-,-,-,-,26.6,27.0,26.1,-,-,-,-,-,-,-,-,-,-,-,-,-,-,-,-,-,-,-,-,-,805.2,-,-
2021-07-10 12:00:00,35.4,35.9,34.7,-,-,-,-,-,-,-,-,-,59.7,62.3,57.6,-,-,-,-,-,-,-,-,-,26.5,27.6,25.5,-,-,-,-,-,-,-,-,-,-,-,-,-,-,-,-,-,-,-,-,-,910.1,-,-
2021-07-10 11:50:00,34.3,34.6,34.0,-,-,-,-,-,-,-,-,-,62.3,67.8,59.3,-,-,-,-,-,-,-,-,-,26.0,27.2,24.8,-,-,-,-,-,-,-,-,-,-,-,-,-,-,-,-,-,-,-,-,-,594.8,-,-
2021-07-10 11:40:00,35.5,36.0,34.8,-,-,-,-,-,-,-,-,-,59.1,63.2,56.0,-,-,-,-,-,-,-,-,-,26.5,27.0,25.8,-,-,-,-,-,-,-,-,-,-,-,-,-,-,-,-,-,-,-,-,-,238.1,-,-
2021-07-10 11:30:00,37.0,37.9,36.1,-,-,-,-,-,-,-,-,-,53.2,55.2,51.1,-,-,-,-,-,-,-,-,-,25.9,27.1,25.2,-,-,-,-,-,-,-,-,-,-,-,-,-,-,-,-,-,-,-,-,-,326.0,-,-
2021-07-10 11:20:00,38.1,38.5,37.6,-,-,-,-,-,-,-,-,-,55.0,58.0,51.8,-,-,-,-,-,-,-,-,-,27.5,28.6,26.4,-,-,-,-,-,-,-,-,-,-,-,-,-,-,-,-,-,-,-,-,-,520.9,-,-
2021-07-10 11:10:00,38.2,38.4,38.0,-,-,-,-,-,-,-,-,-,54.5,60.5,51.1,-,-,-,-,-,-,-,-,-,27.0,28.0,26.1,-,-,-,-,-,-,-,-,-,-,-,-,-,-,-,-,-,-,-,-,-,667.4,-,-
2021-07-10 11:00:00,37.7,38.2,37.1,-,-,-,-,-,-,-,-,-,56.1,62.8,50.6,-,-,-,-,-,-,-,-,-,27.4,28.8,25.8,-,-,-,-,-,-,-,-,-,-,-,-,-,-,-,-,-,-,-,-,-,930.7,-,-
2021-07-10 10:50:00,36.5,36.9,36.1,-,-,-,-,-,-,-,-,-,57.2,61.8,53.5,-,-,-,-,-,-,-,-,-,26.8,27.9,25.8,-,-,-,-,-,-,-,-,-,-,-,-,-,-,-,-,-,-,-,-,-,906.1,-,-
2021-07-10 10:40:00,35.2,36.0,34.3,-,-,-,-,-,-,-,-,-,63.9,66.9,60.9,-,-,-,-,-,-,-,-,-,27.4,28.9,26.3,-,-,-,-,-,-,-,-,-,-,-,-,-,-,-,-,-,-,-,-,-,847.8,-,-
2021-07-10 10:30:00,33.9,34.2,33.3,-,-,-,-,-,-,-,-,-,66.6,76.5,61.9,-,-,-,-,-,-,-,-,-,26.8,28.4,25.7,-,-,-,-,-,-,-,-,-,-,-,-,-,-,-,-,-,-,-,-,-,688.4,-,-
2021-07-10 10:20:00,32.7,33.0,32.5,-,-,-,-,-,-,-,-,-,77.1,78.9,75.7,-,-,-,-,-,-,-,-,-,28.4,28.9,28.2,-,-,-,-,-,-,-,-,-,-,-,-,-,-,-,-,-,-,-,-,-,608.6,-,-
2021-07-10 10:10:00,33.3,34.0,32.8,-,-,-,-,-,-,-,-,-,73.5,75.6,69.3,-,-,-,-,-,-,-,-,-,27.9,28.5,27.7,-,-,-,-,-,-,-,-,-,-,-,-,-,-,-,-,-,-,-,-,-,540.5,-,-
2021-07-10 10:00:00,35.3,36.1,34.2,-,-,-,-,-,-,-,-,-,65.2,70.9,57.3,-,-,-,-,-,-,-,-,-,27.6,28.7,26.1,-,-,-,-,-,-,-,-,-,-,-,-,-,-,-,-,-,-,-,-,-,283.7,-,-
2021-07-10 09:50:00,36.5,36.6,36.2,-,-,-,-,-,-,-,-,-,58.3,62.5,56.5,-,-,-,-,-,-,-,-,-,27.2,28.8,26.4,-,-,-,-,-,-,-,-,-,-,-,-,-,-,-,-,-,-,-,-,-,493.6,-,-
2021-07-10 09:40:00,35.8,36.4,35.3,-,-,-,-,-,-,-,-,-,63.3,64.9,59.5,-,-,-,-,-,-,-,-,-,27.8,28.4,27.0,-,-,-,-,-,-,-,-,-,-,-,-,-,-,-,-,-,-,-,-,-,742.7,-,-
2021-07-10 09:30:00,34.5,35.2,34.1,-,-,-,-,-,-,-,-,-,67.5,69.8,65.0,-,-,-,-,-,-,-,-,-,27.5,28.2,26.5,-,-,-,-,-,-,-,-,-,-,-,-,-,-,-,-,-,-,-,-,-,739.6,-,-
2021-07-10 09:20:00,33.4,33.9,32.9,-,-,-,-,-,-,-,-,-,70.8,73.6,68.8,-,-,-,-,-,-,-,-,-,27.5,28.0,26.5,-,-,-,-,-,-,-,-,-,-,-,-,-,-,-,-,-,-,-,-,-,691.0,-,-
2021-07-10 09:10:00,32.4,32.8,32.0,-,-,-,-,-,-,-,-,-,73.3,77.8,70.8,-,-,-,-,-,-,-,-,-,27.1,27.7,26.5,-,-,-,-,-,-,-,-,-,-,-,-,-,-,-,-,-,-,-,-,-,613.7,-,-
2021-07-10 09:00:00,31.4,31.8,31.0,-,-,-,-,-,-,-,-,-,74.5,76.9,72.6,-,-,-,-,-,-,-,-,-,26.4,27.2,25.8,-,-,-,-,-,-,-,-,-,-,-,-,-,-,-,-,-,-,-,-,-,558.4,-,-
2021-07-10 08:50:00,30.6,31.0,30.1,-,-,-,-,-,-,-,-,-,79.4,84.0,75.4,-,-,-,-,-,-,-,-,-,26.6,27.0,26.2,-,-,-,-,-,-,-,-,-,-,-,-,-,-,-,-,-,-,-,-,-,526.9,-,-
2021-07-10 08:40:00,29.8,30.0,29.6,-,-,-,-,-,-,-,-,-,80.7,84.0,79.0,-,-,-,-,-,-,-,-,-,26.3,27.0,26.0,-,-,-,-,-,-,-,-,-,-,-,-,-,-,-,-,-,-,-,-,-,372.9,-,-
2021-07-10 08:30:00,29.6,29.6,29.6,-,-,-,-,-,-,-,-,-,79.5,80.5,79.0,-,-,-,-,-,-,-,-,-,26.1,26.2,26.0,-,-,-,-,-,-,-,-,-,-,-,-,-,-,-,-,-,-,-,-,-,222.4,-,-
2021-07-10 08:20:00,29.6,29.6,29.5,-,-,-,-,-,-,-,-,-,80.3,81.5,79.0,-,-,-,-,-,-,-,-,-,26.3,26.6,26.0,-,-,-,-,-,-,-,-,-,-,-,-,-,-,-,-,-,-,-,-,-,234.1,-,-
2021-07-10 08:10:00,29.2,29.4,28.9,-,-,-,-,-,-,-,-,-,82.6,85.1,79.7,-,-,-,-,-,-,-,-,-,25.7,26.2,25.2,-,-,-,-,-,-,-,-,-,-,-,-,-,-,-,-,-,-,-,-,-,353.2,-,-
2021-07-10 08:00:00,28.6,28.8,28.4,-,-,-,-,-,-,-,-,-,85.3,86.5,84.5,-,-,-,-,-,-,-,-,-,26.2,26.4,25.6,-,-,-,-,-,-,-,-,-,-,-,-,-,-,-,-,-,-,-,-,-,282.1,-,-
2021-07-10 07:50:00,27.8,28.4,27.3,-,-,-,-,-,-,-,-,-,89.2,91.0,87.1,-,-,-,-,-,-,-,-,-,26.0,26.4,25.4,-,-,-,-,-,-,-,-,-,-,-,-,-,-,-,-,-,-,-,-,-,400.4,-,-
2021-07-10 07:40:00,26.9,27.2,26.7,-,-,-,-,-,-,-,-,-,91.5,93.0,90.0,-,-,-,-,-,-,-,-,-,25.5,25.8,25.2,-,-,-,-,-,-,-,-,-,-,-,-,-,-,-,-,-,-,-,-,-,269.9,-,-
2021-07-10 07:30:00,26.2,26.6,25.9,-,-,-,-,-,-,-,-,-,96.0,97.3,94.1,-,-,-,-,-,-,-,-,-,25.5,25.9,25.1,-,-,-,-,-,-,-,-,-,-,-,-,-,-,-,-,-,-,-,-,-,273.2,-,-
2021-07-10 07:20:00,25.6,25.8,25.3,-,-,-,-,-,-,-,-,-,98.5,99.3,97.4,-,-,-,-,-,-,-,-,-,25.4,25.8,24.8,-,-,-,-,-,-,-,-,-,-,-,-,-,-,-,-,-,-,-,-,-,170.5,-,-
2021-07-10 07:10:00,25.1,25.3,24.9,-,-,-,-,-,-,-,-,-,99.3,99.4,99.1,-,-,-,-,-,-,-,-,-,24.8,24.8,24.8,-,-,-,-,-,-,-,-,-,-,-,-,-,-,-,-,-,-,-,-,-,156.1,-,-
2021-07-10 07:00:00,24.8,24.8,24.7,-,-,-,-,-,-,-,-,-,99.8,100.0,99.4,-,-,-,-,-,-,-,-,-,25.0,25.0,24.8,-,-,-,-,-,-,-,-,-,-,-,-,-,-,-,-,-,-,-,-,-,74.0,-,-
2021-07-10 06:50:00,24.5,24.7,24.4,-,-,-,-,-,-,-,-,-,100.0,100.0,100.0,-,-,-,-,-,-,-,-,-,24.6,25.0,24.0,-,-,-,-,-,-,-,-,-,-,-,-,-,-,-,-,-,-,-,-,-,77.8,-,-
2021-07-10 06:40:00,24.2,24.3,24.0,-,-,-,-,-,-,-,-,-,100.0,100.0,100.0,-,-,-,-,-,-,-,-,-,24.0,24.0,24.0,-,-,-,-,-,-,-,-,-,-,-,-,-,-,-,-,-,-,-,-,-,61.1,-,-
2021-07-10 06:30:00,23.8,24.0,23.7,-,-,-,-,-,-,-,-,-,100.0,100.0,100.0,-,-,-,-,-,-,-,-,-,24.0,24.0,24.0,-,-,-,-,-,-,-,-,-,-,-,-,-,-,-,-,-,-,-,-,-,62.1,-,-
2021-07-10 06:20:00,23.5,23.6,23.3,-,-,-,-,-,-,-,-,-,100.0,100.0,100.0,-,-,-,-,-,-,-,-,-,23.6,24.0,23.0,-,-,-,-,-,-,-,-,-,-,-,-,-,-,-,-,-,-,-,-,-,57.0,-,-
2021-07-10 06:10:00,23.2,23.3,23.1,-,-,-,-,-,-,-,-,-,100.0,100.0,100.0,-,-,-,-,-,-,-,-,-,23.0,23.0,23.0,-,-,-,-,-,-,-,-,-,-,-,-,-,-,-,-,-,-,-,-,-,45.4,-,-
2021-07-10 06:00:00,22.9,23.0,22.8,-,-,-,-,-,-,-,-,-,100.0,100.0,100.0,-,-,-,-,-,-,-,-,-,23.0,23.0,23.0,-,-,-,-,-,-,-,-,-,-,-,-,-,-,-,-,-,-,-,-,-,37.3,-,-
2021-07-10 05:50:00,22.8,22.8,22.7,-,-,-,-,-,-,-,-,-,100.0,100.0,100.0,-,-,-,-,-,-,-,-,-,23.0,23.0,23.0,-,-,-,-,-,-,-,-,-,-,-,-,-,-,-,-,-,-,-,-,-,1.1,-,-
2021-07-10 05:40:00,22.7,22.7,22.7,-,-,-,-,-,-,-,-,-,100.0,100.0,100.0,-,-,-,-,-,-,-,-,-,23.0,23.0,23.0,-,-,-,-,-,-,-,-,-,-,-,-,-,-,-,-,-,-,-,-,-,0.0,-,-
